"Phenotypes","SNP1","SNP2","SNP3","SNP4","SNP5","SNP6","SNP7","SNP8","SNP9","SNP10","SNP11","SNP12"
1.43563164286893,1,1,1,0,0,1,0,0,0,0,1,0
2.92269602886908,1,0,0,0,1,0,0,1,0,0,1,0
0.566931868078875,0,0,0,0,0,0,0,0,0,0,2,0
4.85150512931467,1,0,0,0,1,0,0,0,0,0,1,0
0.152558201837406,1,1,1,0,0,1,0,0,0,0,1,0
2.95227006203046,1,0,0,0,1,0,0,0,0,0,0,0
-0.322942099969161,0,0,0,0,0,0,0,1,0,0,2,0
0.775308497440889,0,0,0,0,0,0,0,1,0,0,2,0
2.40059891416434,0,0,0,0,0,0,0,0,0,0,2,0
0.320380120713404,1,1,1,0,0,1,0,0,0,0,0,0
-1.25939847346702,0,0,0,0,0,0,0,1,0,0,2,0
3.13709741393049,1,0,0,0,1,0,0,0,0,0,1,0
-0.78555307898221,0,0,0,0,0,0,0,0,0,0,0,0
2.74806909344491,0,0,0,0,0,0,0,0,0,0,1,0
4.625141376898,1,0,0,0,1,0,0,0,0,0,1,0
-2.32660956989579,1,1,1,0,0,1,0,1,0,0,1,0
-0.940608380161001,0,0,0,0,0,0,0,1,0,0,2,0
0.753602697059675,0,0,0,0,0,0,0,1,0,0,2,0
0.873524103417555,1,0,0,0,0,0,0,1,0,0,1,0
1.40611002744319,0,0,0,0,0,0,0,0,0,0,2,0
0.370523009941779,1,1,1,0,0,1,0,1,0,0,1,0
5.15227764735769,2,0,0,0,2,0,0,0,0,0,0,0
0.86408893099437,1,1,1,0,0,1,0,0,0,0,0,0
1.34534303669923,0,0,0,0,0,0,0,1,0,0,1,0
0.841317257652385,2,1,1,0,1,1,0,0,0,0,0,0
1.59313969754054,0,0,0,0,0,0,0,1,0,0,1,0
1.22702925863529,0,0,0,0,0,0,0,1,0,0,2,0
0.67684080644907,0,0,0,0,0,0,0,0,0,0,0,0
3.4589811028053,1,0,0,0,1,0,0,1,0,0,1,0
3.55997647466236,1,0,0,0,1,0,0,0,0,0,1,0
2.21137310719715,0,0,0,0,0,0,0,1,0,0,1,0
-0.439304645175355,1,1,1,0,0,1,0,0,0,0,0,0
1.27195368375746,0,0,0,0,0,0,0,1,0,0,1,0
1.53698542870856,2,2,2,0,0,2,0,0,0,0,0,0
4.39031528084223,2,0,0,0,2,0,0,0,0,0,0,0
1.98872069327148,2,2,2,0,0,2,0,0,0,0,0,0
1.22155677003935,0,0,0,0,0,0,0,1,0,0,2,0
3.61287061284932,0,0,0,1,0,0,0,0,0,0,2,0
3.59902692636327,1,0,0,0,1,0,0,0,0,0,0,0
4.53243151010192,1,0,0,0,1,0,0,0,0,0,0,0
-0.443407523082998,0,0,0,0,0,0,0,1,0,0,1,0
3.1742017983025,1,0,0,0,1,0,0,0,0,0,1,0
-0.427306539876659,0,0,0,0,0,0,0,1,0,0,1,0
1.54235452529346,1,1,1,0,0,1,0,0,0,0,0,0
0.665657376877153,1,1,1,0,0,1,0,0,0,0,0,0
1.53523039961491,0,0,0,0,0,0,0,1,0,0,1,0
2.27851856295413,0,0,0,0,0,0,0,0,0,0,2,0
0.787549088232385,0,0,0,0,0,0,0,0,0,0,1,0
2.56660991888962,0,0,0,0,0,0,0,1,0,0,1,0
1.12401345049912,1,0,0,0,1,0,0,0,0,0,0,0
1.16222250104111,0,0,0,0,0,0,0,0,0,0,1,0
3.393995894369,0,0,0,0,0,0,0,0,0,0,2,0
3.14903876349493,1,0,0,0,0,0,0,1,0,0,1,0
4.32247821678034,1,0,0,0,1,0,0,0,0,0,1,0
5.8429383394944,2,0,0,0,2,0,0,0,0,0,0,0
1.64368425483715,0,0,0,0,0,0,0,0,0,0,0,0
2.31921006125145,1,0,0,0,1,0,0,1,0,0,1,0
2.43507363182621,1,1,1,0,0,1,0,1,0,0,1,0
2.46643842604876,2,1,1,0,1,1,0,0,0,0,0,0
-0.164238318436496,0,0,0,0,0,0,0,2,0,0,2,0
4.89151563478682,1,0,0,0,1,0,0,0,0,0,1,0
4.35374527944289,1,0,0,0,1,0,0,0,0,0,0,0
1.25733414099238,0,0,0,0,0,0,0,0,0,0,2,0
-0.893200838145662,1,1,1,0,0,1,0,1,0,0,1,0
1.10193833479442,1,1,1,0,0,1,0,0,0,0,1,0
3.31111236408238,1,0,0,0,1,0,0,1,0,0,1,0
0.1241475591263,2,2,2,0,0,2,0,0,0,0,0,0
2.81911262110543,2,1,1,0,1,1,0,0,0,0,0,0
0.572921125207104,0,0,0,0,0,0,0,0,0,0,2,0
2.24369064961708,1,0,0,0,1,0,0,0,0,0,1,0
2.82989226996117,1,0,0,0,1,0,0,0,0,0,0,0
2.3242341791898,1,1,1,0,0,1,0,0,0,0,0,0
3.10691748683504,2,1,1,0,1,1,0,0,0,0,0,0
2.62133062697073,0,0,0,0,0,0,0,0,0,0,2,0
3.7393089689004,1,0,0,0,1,0,0,0,0,0,0,0
2.12327171024325,0,0,0,0,0,0,0,0,0,0,0,0
0.0765538225716437,0,0,0,0,0,0,0,0,0,0,1,0
0.344449672010948,0,0,0,0,0,0,0,1,0,0,1,0
0.927914743215961,0,0,0,0,0,0,0,1,0,0,1,0
4.83152256717003,1,0,0,0,1,0,0,0,0,0,0,0
2.8610796404418,1,1,1,0,0,1,0,0,0,0,1,0
1.31999270403574,0,0,0,0,0,0,0,1,0,0,1,0
1.79554202960251,0,0,0,0,0,0,0,0,0,0,2,0
0.691334420340312,1,1,1,0,0,1,0,0,0,0,0,0
1.25130610574734,0,0,0,0,0,0,0,1,0,0,1,0
0.877157431671894,0,0,0,0,0,0,0,0,0,0,1,0
3.3745423747858,1,0,0,0,1,0,0,0,0,0,1,0
3.50545159395224,1,0,0,0,1,0,0,1,0,0,1,0
0.979298767430114,1,0,0,0,1,0,0,0,0,0,1,0
-1.19863904553582,0,0,0,0,0,0,0,0,0,0,2,0
4.42804903548525,1,0,0,0,1,0,0,0,0,0,0,0
0.94334665737494,1,1,1,0,0,1,0,0,0,0,1,0
3.24558988877149,1,0,0,0,1,0,0,0,0,0,1,0
-0.999614763123179,0,0,0,0,0,0,0,0,0,0,2,0
2.59151891964969,1,1,1,0,0,1,0,0,0,0,0,0
1.60456726853813,0,0,0,0,0,0,0,0,0,0,0,0
1.21003943437647,0,0,0,0,0,0,0,0,0,0,1,0
1.75022108085179,1,0,0,0,1,0,0,0,0,0,0,0
0.435487864643608,0,0,0,0,0,0,0,1,0,0,2,0
0.122106771778334,1,1,1,0,0,1,0,0,0,0,0,0
2.92955139396139,0,0,0,0,0,0,0,0,0,0,1,0
1.10054733488558,1,1,1,0,0,1,0,0,0,0,0,0
2.0323429904559,0,0,0,0,0,0,0,1,0,0,1,0
1.92554023113436,0,0,0,0,0,0,0,0,0,0,2,0
3.64961906675558,1,0,0,0,1,0,0,0,0,0,1,0
-0.623393018551389,0,0,0,0,0,0,0,1,0,0,2,0
0.97986879259664,1,1,1,0,0,1,0,0,0,0,0,0
0.930774915045477,0,0,0,0,0,0,0,0,0,0,2,0
1.58137224702541,0,0,0,0,0,0,0,0,0,0,1,0
4.25022917730456,1,0,0,0,1,0,0,1,0,0,1,0
2.82676696853584,1,1,1,0,0,1,0,0,0,0,0,0
6.087389670775,2,0,0,0,2,0,0,0,0,0,0,0
2.52286927669609,1,0,0,0,1,0,0,0,0,0,1,0
2.19077896578987,0,0,0,0,0,0,0,1,0,0,2,0
1.23552597694696,1,1,1,0,0,1,0,0,0,0,0,0
0.948007297866896,2,1,1,0,1,1,0,0,0,0,0,0
1.81310582055733,1,0,0,0,1,0,0,0,0,0,1,0
-0.49351652951924,0,0,0,0,0,1,0,1,0,0,1,0
2.01164340001493,0,0,0,0,0,0,0,0,0,0,2,0
1.53531062343551,0,0,0,0,0,0,0,1,0,0,2,0
1.02861894031026,0,0,0,0,0,0,0,1,0,0,2,0
2.11160283154081,1,0,0,0,1,0,0,1,0,0,1,0
-0.0838294026455373,0,0,0,0,0,0,0,0,0,0,1,0
1.00488225420133,0,0,0,0,0,0,0,0,0,0,0,0
1.59113048163636,0,0,0,0,0,0,0,0,0,0,0,0
1.24943644636087,1,1,1,0,0,1,0,0,0,0,1,0
0.953789371712528,0,0,0,0,0,0,0,1,0,0,2,0
0.472084595604748,0,0,0,0,0,0,0,0,0,0,2,0
5.06224882750938,2,0,0,0,2,0,0,0,0,0,0,0
0.474438158716086,1,1,1,0,0,1,0,1,0,0,1,0
3.14947873019164,2,1,1,0,1,1,0,0,0,0,0,0
2.1147026779118,0,0,0,0,0,0,0,0,0,0,1,0
1.4438588790827,0,0,0,0,0,0,0,1,0,0,1,0
2.1375345103506,1,0,0,0,1,0,0,1,0,0,1,0
3.30268214565198,1,0,0,0,1,0,0,0,0,0,0,0
2.51075712787487,1,0,0,0,1,0,1,1,0,0,1,0
0.571747006006708,1,1,1,0,0,1,0,0,0,0,1,0
2.53374350118664,1,0,0,0,1,0,0,1,0,0,1,0
0.39733438225642,1,1,1,0,0,1,0,0,0,0,0,0
1.61534662598505,0,0,0,0,0,0,0,0,0,0,1,0
0.873065720990086,1,1,1,0,0,1,0,0,0,0,0,0
3.22711379680471,1,0,0,0,1,0,0,0,0,0,1,0
0.505192913680106,0,0,0,0,0,0,0,1,0,0,1,0
1.53105230634993,1,1,1,0,0,1,0,0,0,0,0,0
0.883664375891963,1,1,1,0,0,1,0,0,0,0,1,0
3.05886041514204,1,0,0,0,1,0,0,0,0,0,1,0
1.3110645642319,0,0,0,0,0,0,0,1,1,0,1,0
1.12442936589556,0,0,0,0,0,0,0,0,0,0,1,0
1.89380302040885,0,0,0,0,0,0,0,0,0,0,1,0
1.05961353437069,0,0,0,0,0,0,0,0,0,0,1,0
0.31034564538168,0,0,0,0,0,0,0,0,0,0,0,0
1.86392201244069,0,0,0,0,0,0,0,0,0,0,1,0
1.86297281501104,0,0,0,0,0,0,0,1,0,0,2,0
1.06918390815533,0,0,0,0,0,0,0,1,0,0,1,0
0.156514593008267,2,2,2,0,0,2,0,0,0,0,0,0
0.545707587661062,2,2,2,0,0,2,0,0,0,0,0,0
3.00756970877733,1,0,0,0,1,0,0,0,0,0,1,0
-0.676863907526146,0,0,0,0,0,0,0,1,0,0,1,0
1.0138323385752,1,1,1,0,0,1,0,1,0,0,1,0
0.600670039620989,0,0,0,0,0,0,0,0,0,0,2,0
4.47200949587004,2,1,1,0,1,1,0,0,0,0,0,0
2.42752953037663,1,0,0,0,1,0,0,0,0,0,0,0
0.110204866527533,1,1,1,0,0,1,0,0,0,0,1,0
1.70646391447981,0,0,0,0,0,0,0,0,0,0,1,0
2.5200046931791,1,0,0,0,1,0,0,1,0,0,1,0
1.2339238341726,0,0,0,0,0,0,0,0,0,0,1,0
-1.61496199002254,0,0,0,0,0,0,0,0,0,0,0,0
0.79871936854973,0,0,0,0,0,0,0,0,0,0,0,0
0.117610260876351,1,1,1,0,0,1,0,1,0,0,1,0
1.98169874526243,1,0,0,0,1,0,0,0,0,0,0,0
2.90908174476777,0,0,0,0,0,0,0,1,0,0,2,0
0.646277024651806,1,1,1,0,0,1,0,0,0,0,0,0
-0.0883398991667375,0,0,0,0,0,0,0,0,0,0,1,0
4.24614362177128,2,0,0,0,2,0,0,0,0,0,0,0
0.381334985123734,0,0,0,0,0,0,0,0,0,0,1,0
1.1147563652979,1,1,1,0,0,1,0,0,0,0,1,0
3.61071272647493,2,1,1,0,1,1,0,0,0,0,0,0
1.70118552006604,0,0,0,0,0,0,0,0,0,0,2,0
2.0494845858185,1,0,0,0,1,0,0,1,0,0,1,0
0.125826437980889,0,0,0,0,0,0,0,0,0,0,1,0
1.67437029079686,1,1,1,0,0,1,0,0,0,0,0,0
4.18902385517451,1,0,0,0,1,0,0,0,0,0,1,0
0.180496141403093,0,0,0,0,0,0,0,1,0,0,2,0
2.13962498667235,1,1,1,0,0,1,0,0,0,0,1,0
2.21753354987051,1,1,1,0,0,1,0,0,0,0,0,0
0.134625445974206,1,1,1,0,0,1,0,0,0,0,0,0
3.71540377617804,1,0,0,0,1,0,0,0,0,0,0,0
0.38408043730384,0,0,0,0,0,0,0,0,0,0,2,0
1.09940745653707,1,0,0,0,1,0,0,0,0,0,1,0
2.21758290753015,0,0,0,0,0,0,0,1,0,0,2,0
2.38249308831841,1,0,0,0,1,0,0,0,0,0,0,0
1.50901144180937,0,0,0,0,0,0,0,0,0,0,2,0
4.69819588391893,1,0,0,0,1,0,0,0,0,0,1,0
0.795715928920665,0,0,0,0,0,0,0,0,0,0,0,0
1.4088290627161,1,0,0,0,1,0,0,0,0,0,0,0
0.174082989453038,1,1,1,0,0,1,0,0,0,0,0,0
1.62049747730004,0,0,0,0,0,0,0,1,0,0,2,0
0.426275568522987,1,0,0,0,0,0,0,0,0,0,0,0
1.27340411104323,0,0,0,0,0,0,0,0,0,0,1,0
0.178556106535151,1,1,1,0,0,1,0,1,0,0,1,0
-0.616756331030918,2,2,2,0,0,2,0,0,0,0,0,0
0.284395296228853,0,0,0,0,0,0,0,1,0,0,1,0
0.592330291515112,0,0,0,0,0,0,0,0,0,0,0,0
1.51341298740073,0,0,0,1,0,0,0,0,0,0,2,0
3.91168300649755,1,0,0,0,1,0,0,0,0,0,0,0
1.20351540107215,1,1,1,0,0,1,0,0,0,0,0,0
4.15752706962388,2,0,0,0,2,0,0,0,0,0,0,0
1.47881198182279,1,1,1,0,0,1,0,0,0,0,0,0
3.0803958708346,1,1,1,0,0,1,0,0,0,0,0,0
2.39165786667076,1,0,0,0,0,0,0,0,0,0,1,0
1.03729006062334,0,0,0,0,0,0,0,1,0,0,1,0
2.21624874294261,1,0,0,0,1,0,0,0,0,0,0,0
1.84342695379311,1,1,1,0,0,1,0,0,0,0,1,0
0.848322114834265,0,0,0,0,0,0,0,1,0,0,1,0
1.61824176471335,1,0,0,0,1,0,0,0,0,0,1,0
2.31121399026768,1,0,0,0,1,0,0,0,0,0,1,0
3.92892360748756,1,0,0,0,1,0,0,0,0,0,0,0
0.5465210001501,0,0,0,0,0,0,0,0,0,0,2,0
-0.576634613259135,0,0,0,1,0,0,0,0,0,0,1,0
1.54891659387814,0,0,0,0,0,0,0,0,0,0,2,0
-0.228067925463574,0,0,0,0,0,0,0,1,0,0,2,0
-1.65555301704697,0,0,0,0,0,0,0,0,0,0,1,0
0.90202630084315,0,0,0,0,0,0,0,1,0,0,1,0
3.48891771698732,2,1,1,0,1,1,0,0,0,0,0,0
4.57235622262572,1,0,0,0,1,0,0,0,0,0,0,0
2.07251496113448,1,1,1,0,0,1,0,0,0,0,0,0
-0.341752719979628,0,0,0,0,0,0,0,0,0,0,2,0
0.561014031168568,0,0,0,0,0,0,0,0,0,0,0,0
1.60460214459665,0,0,0,0,0,0,0,0,0,0,2,0
0.168398630287843,0,0,0,0,0,0,0,0,0,0,1,0
3.71884256572949,1,0,0,0,1,0,0,0,0,0,1,0
0.70890716830883,1,1,1,0,0,1,0,0,0,0,0,0
1.11445565658982,0,0,0,0,0,1,0,0,0,0,1,0
0.504550209333223,1,1,1,0,0,1,0,0,0,0,1,0
2.37854395589506,0,0,0,0,0,0,0,0,0,0,2,0
1.30433118011256,0,0,0,0,0,0,0,0,0,0,0,0
-0.207423098944149,0,0,0,0,0,0,0,0,0,0,1,0
6.98545045383344,2,0,0,0,2,0,0,0,0,0,0,0
5.81182071665878,2,0,0,0,2,0,0,0,0,0,0,0
-0.247381754730262,0,0,0,0,0,1,0,0,0,0,0,0
-0.896254797931747,0,0,0,0,0,0,0,0,0,0,1,0
3.64908276349723,1,0,0,0,1,0,0,1,0,0,1,0
1.49236611048387,1,1,1,0,0,1,0,1,0,0,1,0
1.36174936357015,1,1,1,0,0,1,0,1,0,0,1,0
0.275112329618107,1,1,1,0,0,1,0,1,0,0,1,0
1.89043356935805,0,0,0,0,0,0,0,0,0,0,0,0
3.04692652299504,1,1,1,0,0,1,0,0,0,0,1,0
-1.09925629929698,1,1,1,0,0,1,0,0,0,0,1,0
-0.689584787603027,0,0,0,0,0,0,0,0,0,0,1,0
1.99792570297344,1,0,0,0,1,0,0,0,0,0,0,0
1.39466772959788,0,0,0,0,0,0,0,0,0,0,0,0
0.504306733817954,1,1,1,0,0,1,0,1,0,0,1,0
0.69354319736426,1,1,1,0,0,1,0,0,0,0,1,0
1.36856025611848,1,1,1,0,0,1,0,1,0,0,1,0
0.309700872472748,1,1,1,0,0,1,0,0,0,0,1,0
3.9461995002553,1,0,0,0,1,0,0,1,0,0,1,0
1.42290527686718,1,0,0,0,1,0,0,0,0,0,1,0
1.99380298698899,1,1,1,0,0,1,0,1,0,0,1,0
0.868575421287012,1,0,0,0,1,0,0,0,0,0,1,0
-0.0187457657272732,0,0,0,0,0,0,0,1,0,0,1,0
2.60611072925462,0,0,0,0,0,0,0,0,0,0,2,0
0.217467219299203,0,0,0,0,0,0,0,0,0,0,0,0
2.45415996662507,1,0,0,0,1,0,0,0,0,0,0,0
0.354374994911659,1,0,0,0,1,0,0,0,0,0,0,0
0.0486086193488104,1,1,1,0,0,1,0,0,0,0,1,0
3.17583119923613,1,0,0,0,1,0,0,0,0,0,1,0
0.979677387899432,1,0,0,0,0,0,0,0,0,0,0,0
0.3316178945327,1,1,1,0,0,1,0,0,0,0,0,0
2.50482744997838,1,1,1,0,0,1,0,0,0,0,0,0
1.63812004219023,0,0,0,0,0,0,0,0,0,0,2,0
3.59212387837703,1,0,0,0,1,0,0,0,0,0,0,0
0.930332217408597,0,0,0,0,0,0,0,0,0,0,0,0
1.767416824012,0,0,0,0,0,0,0,0,0,0,1,0
3.50013709101542,2,1,1,0,1,1,0,0,0,0,0,0
3.9471066183823,1,0,0,0,1,0,0,0,0,0,0,0
2.30079140483012,1,0,0,0,1,0,0,0,0,0,0,0
3.03661032844825,1,0,0,0,1,0,0,0,0,0,1,0
0.174471100941457,0,0,0,0,0,0,0,1,0,0,2,0
0.0549131578805795,1,0,0,0,0,0,0,0,0,0,1,0
2.65707590465017,2,1,1,0,1,1,0,0,0,0,0,0
0.71972757714228,0,0,0,0,0,0,0,0,0,0,1,0
1.84884027000478,1,0,0,0,1,0,0,0,0,0,1,0
1.30025432991655,0,0,0,0,0,0,0,0,0,0,1,0
3.0698005295878,1,0,0,0,1,0,0,1,0,0,1,0
0.326318139438037,1,1,1,0,0,1,0,0,0,0,0,0
1.55806702328764,0,0,0,0,0,0,0,0,0,0,0,0
-0.116847530082679,0,0,0,0,0,0,0,1,0,0,1,0
-0.48657864573884,0,0,0,0,0,0,0,0,0,0,0,0
1.15911379365067,0,0,0,0,0,0,0,0,0,0,0,0
-0.370479134087592,0,0,0,0,0,0,0,0,0,0,0,0
-0.172615321896868,0,0,0,0,0,0,0,1,0,0,1,0
2.20335095393828,1,0,0,0,1,0,0,0,0,0,1,0
1.89967786912375,0,0,0,0,0,0,0,1,0,0,2,0
0.426582401912439,1,1,1,0,0,1,0,0,0,0,1,0
2.00062142281178,0,0,0,0,0,0,0,1,0,0,2,0
0.669046631586246,1,1,1,0,0,1,0,1,0,0,1,0
2.18303254634233,1,1,1,1,0,1,0,0,0,0,1,0
2.0665721712135,1,1,1,0,0,1,0,0,0,0,0,0
0.999767453170159,1,1,1,0,0,1,0,0,0,0,0,0
1.30811567724258,0,0,0,0,0,0,0,0,0,0,0,0
2.40532076862785,0,0,0,0,0,0,0,0,0,0,1,0
2.72286446358676,1,0,0,0,0,0,0,0,0,1,1,0
0.48678276586155,0,0,0,0,0,0,0,0,0,0,1,0
1.71610869074722,2,2,2,0,0,2,0,0,0,0,0,0
-0.204096216448214,0,0,0,0,0,0,0,0,0,0,1,0
2.07230399141354,1,0,0,0,1,0,0,0,0,0,0,0
1.07025253511914,2,1,1,0,1,1,0,0,0,0,0,0
1.24923809895975,0,0,0,0,0,0,0,1,0,0,2,0
1.02301674688282,0,0,0,0,0,0,0,2,0,0,2,0
2.42698170776221,0,0,0,0,0,0,0,1,0,0,2,0
0.154118457834224,0,0,0,0,0,0,0,0,0,0,1,0
0.682661154008004,0,0,0,0,0,0,0,1,0,0,2,0
1.53871476442145,1,1,1,0,0,1,0,0,0,0,1,0
1.39640175795388,0,0,0,0,0,0,0,1,0,0,2,0
3.59055741785558,1,0,0,0,1,0,0,0,0,0,0,0
0.054090393560328,0,0,0,0,0,0,0,2,0,0,2,0
2.21167948681884,2,1,1,0,1,1,0,0,0,0,0,0
3.76053165146232,2,1,1,0,1,1,0,0,0,0,0,0
0.0425016419982702,0,0,0,0,0,0,0,0,0,0,1,0
0.63866109328129,1,1,1,0,0,1,0,0,0,0,1,0
1.04313873037397,0,0,0,0,0,0,0,0,0,0,1,0
1.78072837654696,0,0,0,0,0,0,0,0,0,0,1,0
4.05331602168174,1,0,0,0,1,0,0,0,0,0,0,0
2.73453663808217,1,0,0,0,1,0,0,0,0,0,0,0
1.79742026681342,0,0,0,0,0,0,0,0,0,0,1,0
1.16326985600291,1,1,1,0,0,1,0,1,0,0,1,0
0.315611747398854,1,0,0,0,1,0,0,0,0,0,0,0
2.69236912542161,1,0,0,0,0,0,0,0,0,0,0,0
0.971703880982674,0,0,0,0,0,0,0,0,0,0,1,0
0.597811386462396,0,0,0,0,0,0,0,0,0,0,2,0
0.592654339849387,0,0,0,0,0,0,0,1,0,0,1,0
0.980525634224793,0,0,0,0,0,0,0,1,0,0,2,0
3.95070506559504,1,0,0,0,1,0,0,0,0,0,0,0
1.61149666500595,0,0,0,0,0,0,0,1,0,0,2,0
0.520694792937461,1,1,1,0,0,1,0,0,0,0,0,0
1.16267947538814,1,1,1,0,0,1,0,1,0,0,1,0
2.97309242272553,0,0,0,0,0,0,0,0,0,0,2,0
1.50872093540992,0,0,0,0,0,0,0,0,0,0,1,0
1.46239194850546,1,1,1,0,0,1,0,0,0,0,0,0
1.50420977032969,0,0,0,0,0,0,0,0,0,0,1,0
3.03123830185864,1,0,0,0,1,0,0,0,0,0,0,0
0.645456752455212,0,0,0,0,0,0,0,0,0,0,1,0
2.28382185408249,1,0,0,0,0,0,0,0,0,1,0,0
2.13610275122445,1,1,1,0,0,1,0,0,0,0,0,0
2.5592770333139,1,0,0,0,1,0,0,0,0,0,0,0
0.889944144118642,1,1,1,0,0,1,0,0,0,0,1,0
4.65184303656277,1,0,0,0,1,0,0,0,0,0,0,0
5.83443039625598,2,0,0,0,2,0,0,0,0,0,0,0
0.92981939389139,2,2,2,0,0,2,0,0,0,0,0,0
0.93684632517032,1,1,1,0,0,1,0,0,0,0,0,0
-0.529398261876514,0,0,0,0,0,0,0,0,0,0,1,0
1.3856014504358,1,0,0,0,1,0,0,0,0,0,0,0
0.910977223356085,1,0,0,0,0,0,0,0,0,0,0,0
1.8186162794839,0,0,0,0,0,0,0,0,0,0,1,0
0.262627494538206,1,1,1,0,0,1,0,0,0,0,0,0
0.852093309152219,1,0,0,0,0,0,0,1,0,0,1,0
1.99780417302166,0,0,0,0,0,0,0,1,0,0,2,0
2.88210948215821,2,1,1,0,1,1,0,0,0,0,0,0
4.03015721220817,2,0,0,0,2,0,0,0,0,0,0,0
1.29416222272069,0,0,0,0,0,0,0,1,0,0,2,0
0.974376390169385,0,0,0,0,0,0,0,1,0,0,1,0
3.42980471060296,1,0,0,0,1,0,0,0,0,0,1,0
1.81925820059205,1,1,1,0,0,1,0,0,0,0,0,0
0.808274876641411,1,1,1,0,0,1,0,0,0,0,1,0
1.76909322107323,1,1,1,0,0,1,0,0,0,0,0,0
1.11373023183868,0,0,0,0,0,0,0,0,0,0,1,0
2.94651898883543,1,0,0,0,0,0,0,0,0,0,1,0
1.18106162937335,0,0,0,0,0,0,0,0,0,0,1,0
3.56829231670279,1,0,0,0,1,0,0,0,0,0,0,0
5.81969241475634,2,0,0,0,2,0,0,0,0,0,0,0
2.1057478917478,1,0,0,0,1,0,0,0,0,0,0,0
1.29827076283597,0,0,0,0,0,0,0,0,0,0,0,0
0.777214329305368,0,0,0,0,0,0,0,0,0,0,0,0
0.216273273835191,1,1,1,1,0,1,0,0,0,0,1,0
-1.85004538192672,0,0,0,0,0,0,0,1,0,0,1,0
0.820990596171986,0,0,0,0,0,0,0,1,0,0,1,0
1.25637640583757,0,0,0,0,0,0,0,0,0,0,0,0
1.98371215337304,1,1,1,0,0,1,0,0,0,0,1,0
0.286256982503567,0,0,0,0,0,0,0,0,0,0,1,0
2.16256182256666,2,2,2,0,0,2,0,0,0,0,0,0
1.9675104279801,1,0,0,0,1,0,0,0,0,0,1,0
3.27381826097538,1,1,1,0,0,1,0,1,0,0,1,0
1.59302775267468,0,0,0,0,0,0,0,1,0,0,1,0
-0.74599818444957,1,1,1,0,0,1,0,0,0,0,0,0
1.85590692593175,0,0,0,0,0,0,0,0,0,0,1,0
4.69955093681229,1,0,0,0,1,0,0,0,0,0,1,0
1.67697671408954,0,0,0,0,0,0,0,0,0,0,1,0
3.21136490471736,1,1,1,0,0,1,0,1,0,0,1,0
5.31054413344232,2,0,0,0,2,0,0,0,0,0,0,0
0.37033724125836,1,1,1,0,0,1,0,1,0,0,1,0
1.89302663433215,0,0,0,0,0,0,0,0,0,0,1,0
6.30186251145762,2,0,0,0,2,0,0,0,0,0,0,0
4.77093391341618,1,0,0,0,1,0,0,0,0,0,0,0
4.40230687312231,1,0,0,0,1,0,0,0,0,0,1,0
1.53295073306885,0,0,0,0,0,0,0,0,0,0,1,0
0.357972135729377,0,0,0,0,0,0,0,1,0,0,1,0
0.070532844937408,1,1,1,0,0,1,0,0,0,0,1,0
-0.0937222678190162,0,0,0,0,0,0,0,2,0,0,2,0
0.12229837641968,1,1,1,0,0,1,0,0,0,0,1,0
-0.437143531488062,0,0,0,0,0,0,0,0,0,0,1,0
0.92807358789627,0,0,0,0,0,0,0,0,0,0,1,0
2.45841398363712,0,0,0,0,0,0,0,1,0,0,1,0
1.44590853227372,1,1,1,0,0,1,0,0,0,0,0,0
0.394136827794254,0,0,0,0,0,0,0,0,0,0,1,0
1.11621321148113,0,0,0,0,0,0,0,0,0,0,1,0
0.374454299394054,1,1,1,0,0,1,0,0,0,0,1,0
0.646115001314632,1,1,1,0,0,1,0,1,0,0,1,0
1.76841522357364,0,0,0,0,0,0,0,0,0,0,2,0
1.23858498063591,0,0,0,0,0,0,0,1,0,0,1,0
1.4197060548549,0,0,0,0,0,0,0,1,0,0,2,0
0.98151026087714,0,0,0,0,0,0,0,1,0,0,1,0
2.67377121700997,1,1,1,0,0,1,0,0,0,0,1,0
1.83579240743061,0,0,0,0,0,0,0,0,0,0,0,0
3.75157779807611,1,0,0,0,1,0,0,0,0,0,0,0
1.7122811561686,0,0,0,0,0,0,0,0,0,0,1,0
0.905900711525523,0,0,0,0,0,0,0,0,0,0,1,0
4.21764584968841,1,0,0,0,1,0,0,1,0,0,1,0
0.269826096613104,0,0,0,0,0,0,0,0,0,0,2,1
1.6777234036424,0,0,0,0,0,0,0,0,0,0,2,0
0.848830211033222,0,0,0,0,0,0,0,1,0,0,1,0
2.00056092425344,0,0,0,0,0,0,0,0,0,0,0,0
1.87850391679278,0,0,0,0,0,0,0,0,0,0,0,0
2.3709214996519,1,0,0,0,1,0,0,0,0,0,1,0
1.53062161902912,1,1,1,0,0,2,0,0,0,0,0,0
0.367481621573104,1,1,1,0,0,1,0,0,0,0,1,0
0.214800573056852,0,0,0,0,0,0,0,0,0,0,0,0
-0.648227872363514,0,0,0,0,0,0,0,0,0,0,2,0
1.53267982218642,1,0,0,0,1,0,0,1,0,0,1,0
2.03589730074201,2,1,1,0,1,1,0,0,0,0,0,0
1.10934876715777,0,0,0,0,0,0,0,1,0,0,2,0
4.22594169586074,2,0,0,0,2,0,0,0,0,0,0,0
0.637404348774938,1,1,1,0,0,1,0,0,0,0,1,0
0.188594730937026,1,1,1,0,0,1,0,0,0,0,0,0
0.882684769962003,0,0,0,0,0,0,0,0,0,0,1,0
0.0354394003017885,0,0,0,0,0,0,0,1,0,0,2,0
1.56102095231574,0,0,0,0,0,0,0,0,0,0,1,0
1.00950016781491,2,2,2,0,0,2,0,0,0,0,0,0
2.28333296048134,0,0,0,0,0,0,0,0,0,0,0,0
1.0879755475713,0,0,0,0,0,0,0,0,0,0,0,0
1.88104320246567,0,0,0,0,0,0,0,0,0,0,1,0
1.61995500985978,1,1,1,0,0,1,0,0,0,0,0,0
1.00638855385333,0,0,0,0,0,0,0,0,0,0,0,0
3.00666000314426,1,0,0,0,1,0,0,1,0,0,1,0
3.79478202439224,2,1,1,0,1,1,0,0,0,0,0,0
2.08453193426983,1,1,1,0,0,1,0,0,0,0,1,0
4.93695850036406,2,1,1,0,1,1,0,0,0,0,0,0
0.72251398514422,0,0,0,0,0,0,0,0,0,0,1,0
1.25583682214107,2,2,2,0,0,2,0,0,0,0,0,0
2.73390457736915,1,1,1,0,0,1,0,0,0,0,0,0
4.10410732186495,1,0,0,0,1,0,0,0,0,0,0,0
0.332280425044994,1,0,0,0,0,0,0,0,0,0,0,0
-0.184899534562344,0,0,0,0,0,0,0,0,0,0,1,0
1.89570999926041,1,1,1,0,0,1,0,0,0,0,1,0
3.95433310247044,1,0,0,0,1,0,0,0,0,0,1,0
3.71818141983998,2,1,1,0,1,1,0,0,0,0,0,0
1.34349604911637,1,1,1,0,0,1,0,0,0,0,0,0
6.62098860546219,2,0,0,0,2,0,0,0,0,0,0,0
2.70680759050493,0,0,0,0,0,0,0,0,0,0,0,0
1.0069763390804,0,0,0,0,0,0,0,0,0,0,2,0
-0.576893122257787,1,1,1,0,0,1,0,0,0,0,0,0
3.22468323024976,1,0,0,0,1,0,0,0,0,0,1,0
-1.01328883062579,1,1,1,0,0,1,0,0,0,0,1,0
0.69631584178468,1,1,1,0,0,1,0,0,0,0,1,0
3.22643447588584,2,1,1,0,1,1,0,0,0,0,0,0
0.78430567333238,0,0,0,0,0,0,0,0,0,0,1,0
0.460403627153214,0,0,0,0,0,0,0,1,0,0,2,0
0.889908747880024,1,0,0,0,0,0,0,0,0,1,0,0
3.51004838909715,1,0,0,0,1,0,0,1,0,0,1,0
0.805527829331206,0,0,0,0,0,0,0,0,0,0,2,0
2.2417652994858,1,1,1,0,0,1,0,1,0,0,1,0
1.00907637294379,0,0,0,0,0,0,0,0,0,0,1,0
1.623345534456,1,1,1,0,0,1,0,0,0,0,0,0
1.32184571925804,1,1,1,0,0,1,0,0,0,0,0,0
2.0683786108299,0,0,0,0,0,0,0,0,0,0,1,0
1.08533819839794,1,1,1,0,0,1,0,0,0,0,1,0
-0.224616972374702,1,1,1,0,0,1,0,0,0,0,0,0
3.16477543192837,1,1,1,0,0,1,0,1,0,0,1,0
2.9646478968051,2,1,1,0,1,1,0,0,0,0,0,0
0.989952832650744,0,0,0,0,0,0,0,0,0,0,1,0
0.895923064553346,0,0,0,0,0,0,0,1,0,0,1,0
4.56402490036363,2,0,0,0,2,0,0,0,0,0,0,0
2.14553063943887,0,0,0,0,0,0,0,1,0,0,2,0
0.52854698639962,0,0,0,0,0,0,0,0,0,0,2,0
0.425851566610762,1,0,0,0,1,0,0,1,0,0,1,0
4.16797640994882,1,0,0,0,1,0,0,0,0,0,1,0
1.13101328637994,0,0,0,0,0,0,0,0,0,0,1,0
0.826146821696763,1,1,1,0,0,1,0,0,0,0,0,0
1.54706787867805,0,0,0,0,0,0,0,1,0,0,1,0
3.01132127670346,1,0,0,0,1,0,0,0,0,0,1,0
5.28908334771368,1,0,0,0,1,0,0,0,0,0,0,0
1.09172815290072,1,1,1,0,0,1,0,0,0,0,1,0
2.26895399949935,0,0,0,0,0,0,0,2,0,0,2,0
1.1113415458285,1,1,1,0,0,1,0,0,0,0,1,0
0.422967250623129,1,0,0,0,0,0,0,0,0,0,1,0
0.601255361994839,0,0,0,0,0,0,0,1,0,0,1,0
3.00295891427604,0,0,0,0,0,0,0,1,0,0,1,0
3.33642871323506,2,1,1,0,1,1,0,0,0,0,0,0
1.86827057267948,1,0,0,0,1,0,0,0,0,0,0,0
0.404726514666827,0,0,0,0,0,0,0,1,0,0,2,0
-0.17201070383652,0,0,0,0,0,0,0,1,0,0,1,0
